[
  {"name": "Jhoome Jo Pathaan - Arijit Singh", "length": "3:23", "number": 1},
  {"name": "Apna Bana Le - Arijit Singh", "length": "3:25", "number": 2},
  {"name": "Maiyya Mainu - Sachet Tandon", "length": "4:02", "number": 3},
  {"name": "Tera Ban Jaunga - Akhil Sachdeva", "length": "4:17", "number": 4},
  {"name": "Kalank - Pritam, Arijit Singh", "length": "5:14", "number": 5},
  {"name": "Channa Ve - Akhil Sachdeva", "length": "3:00", "number": 6},
  {"name": "Roop tera Mastana - Kishore Kumar", "length": "3:45", "number": 7},
  {"name": "Main Shayar Toh Nahin - Shailendra Singh", "length": "4:48", "number": 8},
  {"name": "Main Pal Do Pal ka Shayar Hoon - Mukesh", "length": "2:21", "number": 9},
  {"name": "Ae Mere Zohra Jabeen - Manna Dey", "length": "3:24", "number": 10},
  {"name": "Basti Ka Hasti - MC Stan", "length": "3:16", "number": 11},
  {"name": "Jugnu - Badshah", "length": "3:55", "number": 12},
  {"name": "Baarishein - Anuv Jain", "length": "3:28", "number": 13}
]